language,technology,version,source_run_id,runtime_geomean_vs_c,integer50_vs_c,json_escape_vs_c,binary_trees_vs_c,mandelbrot_vs_c,compile_seconds,intermediate_mib,final_mib,peak_rss_mib
haskell,Haskell (GHC),GHC 9.14.1,36510916751,0.4530063258,1.381,1.239,0.0163,1.513,13.542478955,0.05825233459472656,1.6283187866210938,51.59375
scala,Scala 3,Scala 3.9.0 / Scala CLI 1.17.1,36510032614,0.7242125074,1.192,0.984,0.26,0.903,5.478703215,0.003991127014160156,9.379664421081543,795.01953125
java,Java,OpenJDK 27,36510032632,0.751235546,1.193,1.089,0.267,0.919,0.839427894,0.009232521057128906,0.0059967041015625,371.6796875
nim,Nim,Nim 2.2.12,36510032662,0.9369071878,0.999,1.293,0.613,0.973,3.854815649,0.8326025009155273,0.07170867919921875,109.2734375
c,C (GCC),GCC 16.2.0,36510032691,1,1,1,1,1,0.645806057,0.0614013671875,0.0317535400390625,39.60546875
cpp,C++ (GCC),G++ 16.2.0,36511100476,1.0022569915,1,1,1.009,1,0.692655583,0.062347412109375,0.03191375732421875,41.57421875
cython,Cython,Cython 3.3.0 / Python 3.14.7,36510418724,1.0260887236,0.998,1.02,1.263,0.863,2.629082803,0.529780387878418,0.07655620574951172,47.60546875
pyo3,PyO3,PyO3 0.29.2 / Rust 1.98.1 / Python 3.14.7,36510578973,1.0501268404,1.007,1.273,1.064,0.892,14.517875974,0.19515037536621094,0.42934608459472656,46.99609375
zig,Zig,Zig 0.16.0,36510671626,1.0781757857,1.058,1.266,1.107,0.911,69.156007542,23.190695762634277,3.5023193359375,39.8671875
nanobind,nanobind,nanobind 3.1.0 / Python 3.14.7,36510032653,1.1019510004,1.194,1.161,1.063,1,10.386851548,1.6106138229370117,0.1059274673461914,117.9296875
rust,Rust,Rust 1.98.1,36510032658,1.1149930823,1.071,1.396,1.16,0.891,5.024419791,3.5722427368164062,2.091064453125,39.921875
go,Go,Go 1.27.1,36510032594,1.1911997402,1.298,1.653,1.01,0.929,4.158398686,0,1.480621337890625,41.9765625
sbcl,Common Lisp (SBCL),SBCL 2.6.9,36510032646,1.3598683414,1.605,2.141,1.065,0.934,0.988753898,0,35.50379180908203,117.20703125
mojo,Mojo,Mojo 1.1.0,36510032701,1.4896777358,0.992,2.97,1.916,0.873,2.944142087,0,0.05580902099609375,123.09375
swift,Swift,Swift 6.4,36510496311,1.4896883523,1.165,1.549,3.036,0.899,2.993135262,0.044440269470214844,0.04645538330078125,124.24609375
typescript,TypeScript,TypeScript 7.0.2 / Node 26.10.0,36510032642,1.9230846546,4.224,2.999,1.188,0.909,0.10147772,0.011147499084472656,0.011147499084472656,167.7890625
javascript,JavaScript (Node.js),Node 26.10.0,36510032716,1.9269760377,4.225,3.046,1.183,0.906,,0,0.008222579956054688,167.9609375
racket,Racket,Racket 9.3 [CS],36510032712,3.3034289743,1.565,7.649,0.752,13.231,1.837848676,0.03546428680419922,6.029565811157227,299.41015625
gambit,Gambit Scheme,Gambit 4.9.8,36510032608,3.4523086344,13.79,2.451,0.578,7.278,2.73220734,0,9.674789428710938,146.32421875
chez,Chez Scheme,Chez 10.4.1,36510032694,3.9870363511,6.481,6.27,0.437,14.233,0.077478184,0.0054779052734375,0.015315055847167969,131.09375
gerbil,Gerbil Scheme,Gerbil 18.2 / Gambit 4.9.7,36511104867,4.5112658109,21.5,4.186,0.642,7.167,49.951410754,0.0397796630859375,16.074831008911133,48.8359375
