language,technology,version,composite_score,runtime,compile_time,average_memory,peak_memory,intermediate_size,final_size,compile_seconds,intermediate_bytes,final_bytes,average_rss_kib,peak_rss_kib,integer50_seconds,json_escape_seconds,merge_sort_seconds,binary_search_seconds,prefix_sum_seconds,matrix_mul_seconds,bfs_seconds,dijkstra_seconds,union_find_seconds,mandelbrot_seconds,dynamic_array_seconds,linked_list_seconds,queue_ring_seconds,hash_table_seconds,binary_heap_seconds,bst_seconds,trie_seconds,integer50_vs_c,json_escape_vs_c,merge_sort_vs_c,binary_search_vs_c,prefix_sum_vs_c,matrix_mul_vs_c,bfs_vs_c,dijkstra_vs_c,union_find_vs_c,mandelbrot_vs_c,dynamic_array_vs_c,linked_list_vs_c,queue_ring_vs_c,hash_table_vs_c,binary_heap_vs_c,bst_vs_c,trie_vs_c
pyo3,PyO3,PyO3 0.29.2 Python 3.14.7 / rustc 1.98.1 (48a229cea 2026-09-01),86.97177820070468,0.3877559608281265,6.01016239074893,1.9709072175483613,1.0930115213186444,2.647144093466032,16.183827085852478,20.565866615999994,244702,535361,27830.58418558445,103976.0,2e-08,0.018437143,0.073192155,0.48007517,0.064055702,0.03027792,0.040155803,0.011140222,0.03135552,0.075510907,0.017741509,0.010494931,0.015732287,0.015802212,0.104345387,0.073822529,0.057140373,5.1765326262383026e-08,1.0375873032309477,1.0250659263664963,0.9539779064259752,1.2804667640507725,1.40272603415993,1.1059014629691803,1.0195871230359954,1.110183622848464,0.8984837522153647,1.0299014043258565,1.2412706579191697,0.39673322426815133,0.8753481999460795,1.3777009578897614,0.9493163818823658,1.6437887801015059
haskell,Haskell (GHC),"The Glorious Glasgow Haskell Compilation System, version 9.14.1",85.30624230723427,0.2955157762469471,7.273098978495664,1.7833175193648176,2.2884413236345287,2.566616183470359,54.66553808948005,19.590525487999997,237258,1808336,25185.99877251884,217704.0,1.4e-07,0.034807201,0.108469579,0.50157706,0.116647802,0.054602847,0.077760869,0.01901886,0.078657614,3e-08,0.029812857,0.020985955,0.069489075,0.036829021,0.127869823,0.079338795,0.067880772,3.622119927288633e-07,1.956877047584496,1.5217346911275536,0.9949479445651064,2.364784094792955,2.536374380554214,2.148936581212756,1.7482602526856292,2.742948019279332,3.5725318883600926e-07,1.7348433966526378,2.680368728385442,1.7526731837685523,1.9880851531975583,1.7011352416096315,1.025463495795077,1.4925459851420366
c,C (GCC),gcc (GCC) 16.2.0,82.34591302721032,1.0,1.0,1.0,1.0,1.0,1.0,0.5432713440000043,89992,28712,14098.397953194593,95124.0,0.385194295,0.024797638,0.067886528,0.504274502,0.070845373,0.024842389,0.036384585,0.01120977,0.036165438,0.060022187,0.014700746,0.020844409,0.05829661,0.020701275,0.059613608,0.068825703,0.043299502,1.0,1.0,1.0,1.0,1.0,1.0,1.0,1.0,1.0,1.0,1.0,1.0,1.0,1.0,1.0,1.0,1.0
cpp,C++ (GCC),g++ (GCC) 16.2.0,80.75790319545322,1.020697798042739,1.0887107164569962,1.2500962944497869,1.021586366505365,1.0157277412475565,1.0016717748676511,0.8304287649998514,91448,28760,17706.037329932053,97112.0,0.497776814,0.022111763,0.092018861,0.649601223,0.062024364,0.027523606,0.046835382,0.013855296,0.041061905,0.098555545,0.024500336,0.014855816,0.051181788,0.023506527,0.118575617,0.095895693,0.03987528,1.0009773839156517,1.0345830593068743,1.0064472593233476,0.9952856337758994,0.9940963773217918,0.9994384705075371,0.9980894420217269,0.9528433427657422,1.1147331622019505,1.0178533411523756,1.008454146198244,1.2097424232997844,1.000934818558154,0.9525853626986942,1.2219692406668545,0.99241720907618,0.9029811075033636
cython,Cython,Python 3.14.7 Cython 3.3.0,80.27693607707819,0.8885495212401607,0.7734162884983444,1.8366328710939528,1.090320410394416,9.25765968495759,3.689056831922612,2.4132239529999993,855704,122034,26355.637149881248,103720.0,0.354809087,0.021111978,0.054486908,0.508460086,0.08446962,0.026598047,0.03612792,0.009166227,0.0355905,0.052518342,0.018896373,0.021719515,0.027120985,0.018060655,0.075094419,0.066750401,0.042713618,0.9093062701604445,1.2636970791878954,0.8135803873265561,0.9188664185131395,0.9494665911586109,0.538246060781589,0.9698757972070264,0.8653738745508968,1.00187335581,0.7637354567206597,1.0982010397020083,0.9912429126488751,0.4698559708139952,0.8978161240834317,1.2711215073594941,0.8868363610874114,0.9191807696384005
c3,C3,C3 Compiler Version:       0.8.4,78.58417152352972,0.9501866613154472,3.764821833706097,1.024915647350984,1.0016398267670183,41.25717097862767,18.00894800483676,19.793703458000003,3814473,595736,14700.550111740982,95288.0,0.56493613,0.030523951,0.072873354,0.682219102,0.053488942,0.038767088,0.043546442,0.011298005,0.037249226,0.082803124,0.025234187,0.021408447,0.046326451,0.020727241,0.124873352,0.081805465,0.04448448,1.1434066108359795,1.4153277121369785,0.8325655829435991,1.0088804011096781,0.9911086034894235,0.5743763707191244,0.9564851974842055,0.8140348392058545,0.9646728678421989,0.855198766825117,1.1084733315610076,0.974603167521627,0.6244070307067358,0.9261222460895393,1.6321220603705053,0.9298027202959839,0.8902605953406396
rust,Rust,rustc 1.98.1 (48a229cea 2026-09-01),77.4946297606497,1.0669952826118032,1.1747979197761669,1.187944500920947,1.0069003239786258,41.80344320442945,68.21523579201934,5.2883666279999915,3865648,2256560,16859.165310420256,95724.0,0.472888544,0.023090417,0.082546666,0.579735978,0.085460085,0.031149621,0.045513196,0.013713541,0.036390596,0.090728095,0.021173547,0.017149355,0.021203804,0.04910409,0.112000678,0.096186585,0.192210416,1.0699936913870114,1.3685596842163348,0.972568788221185,0.9633034711671912,0.9739211392472792,1.0408472874003452,1.037643382111459,1.1250544743455366,1.118031534793438,0.9503150947770935,0.8465924743539847,1.2805642609820918,0.4624902924453659,1.5991561457632846,0.9462076198601458,0.9607169478164453,2.3951281198248813
go,Go,go version go1.27.1 linux/amd64,73.65245204967397,1.1548731595851947,2.5534541048366077,1.5522018763804644,1.4054110914752167,0.0,47.42829504232164,4.5295228399999985,0,1568928,21943.510572482166,133604.0,0.572064638,0.03603673,0.095787287,0.616700888,0.068058252,0.024448872,0.05263114,0.013161421,0.039224148,0.089089394,0.032941818,0.013159752,0.0476017,0.020556688,0.132473469,0.089716673,0.08135891,1.2981529917061048,2.1542616405246453,1.162536841561669,1.033617009870234,1.0095611126651967,0.8185061496584848,1.2462352104233112,1.064092783400134,1.209123695347231,0.9349572209822158,1.3999318176486728,1.1509058394354648,1.0422859808411469,0.9514277580357109,1.2662781253204567,0.9327426056328327,1.4719577260235301
zig,Zig,0.16.0,72.41356016692747,0.934325988606073,27.598969126627686,1.0423138690349032,1.0044601531599764,280.23921835798944,116.03361547763,66.13753378999999,25914281,3838392,14727.327603323902,95488.0,0.467074656,0.025434588,0.059699549,0.407869508,0.055353156,0.026800314,0.043718625,0.012057308,0.032420522,0.08704197,0.020235371,0.009241462,0.036511971,0.017855834,0.10615583,0.089508459,0.051537728,1.0596382712727153,1.5150351882822832,0.727001266026861,0.6841362917007693,0.8019371494740253,0.899383308815917,1.028002280205224,0.9995421472786943,1.007993395728633,0.9128750061287828,0.8496085637293618,0.9128645632945247,0.7994668362995104,0.8553831844263244,1.081015145682289,0.9339647388694602,1.0807298422836555
swift,Swift,Swift version 6.4 (swift-6.4-RELEASE),72.28597543612172,1.143551870456241,1.6302428062746208,2.75277026144254,1.31366550727067,1.1567501513971796,2.5119709794437726,5.7203523560000065,106967,83096,38411.77920426439,125392.0,0.514846134,0.02598614,0.133094511,0.522342041,0.082548985,0.048771492,0.047607273,0.012441915,0.042171334,0.087517663,0.031237319,0.008114581,0.044722266,0.028664003,0.116392469,0.091876026,0.049158645,1.1689673969014214,1.551939744021502,1.6240525166298976,0.8767179962956873,1.2926848048364892,1.639522105188211,1.108201897040261,0.9843562865605572,1.2914088383772884,0.9186552799075257,1.3311420871107837,0.7125701761996472,0.9795710213240841,1.4574589715986714,1.126562721754967,0.9691393813509435,0.9336607934314659
nim,Nim,Nim Compiler Version 2.2.12 [Linux: amd64],71.36580248124987,1.260687815763333,6.297390328071325,1.3201530442911322,1.1903025731288241,12.631737174496063,3.083434099153567,4.517714419999976,1168082,102000,18431.95819306888,113612.0,0.440806627,0.025089741,0.099150181,0.589979649,0.082778215,0.051800489,0.054758072,0.012031794,0.06369257,0.092775822,0.019585609,0.021848917,0.047997952,0.024135828,0.120585203,0.096061945,0.115314484,1.0006131864271242,1.433237901210787,1.1944420394354047,0.9914539119153357,1.2944839501483765,1.7352572196403535,1.2770687171819857,0.9965339373156832,1.977301961283947,0.973274073050813,0.8183518459224887,1.9980220887032265,1.050590084720573,1.1066682464098594,1.150475831652329,1.0134185354273966,2.4784139420934683
nanobind,nanobind,nanobind 3.1.0 Python 3.14.7,70.08896260025769,0.9752978748642732,29.73510532823355,2.0020319782780964,1.1074341939281809,18.961021970417782,3.854927448609432,19.385867782,1753667,127521,28352.029144561242,105348.0,0.520616413,0.021103111,0.091909985,0.657937344,0.078948432,0.033668087,0.046554109,0.013330006,0.042805931,0.098298541,0.019365569,0.020913041,0.074901955,0.021818752,0.126252153,0.096316674,0.046962722,1.011615840094965,1.0179815119360274,1.020877758859837,0.9585608455472633,0.9151366869275037,0.49865119554529147,0.998433380753482,0.9797000076141692,1.0809418577795793,1.0006342466198954,0.8459131386958879,0.9605105682594065,0.9984825061699344,0.9641959257431219,1.668477750207727,1.0869504998717383,0.9469961142944346
mojo,Mojo,Mojo 1.1.0 (8189361e),67.97295993046465,1.400143126207799,1.870836027381023,2.917011707674984,1.3267693343431792,0.0,2.6853688029020555,4.562012038999995,0,88832,40661.2960374645,126128.0,0.4401349839999876,0.06548810700000289,0.12693038700000997,0.6249379550000111,0.06301163699999429,0.10731249000001343,0.08956947099999127,0.013857762000005772,0.06367939299999106,0.08327964699999231,0.022094917999988455,0.014309744999988,0.0411395650000084,0.018669718999988694,0.14443498200001062,0.09048998000000606,0.10059670200000091,0.9991179540718298,3.9167361789314707,1.5488046212783406,1.0559359153380057,0.9930790132615124,3.6102979821225065,2.1328715378433047,1.160263742241013,2.0075806754517567,0.8743545321704388,0.9374662901225373,1.380616912307459,0.9010075096289549,0.9732128894311709,1.405744067479097,0.9541887842418093,2.012989692054325
java,Java,"openjdk version ""27"" 2026-09-15",65.08057664264115,1.1995732104766643,0.3926830952909846,5.436435707650066,2.7475401564208224,0.15773474686282996,0.26070133010882707,0.9245286869999916,14581,8624,78300.51653067609,261368.0,0.46021623,0.016155339,0.093039132,0.89678115,0.065482962,0.035725911,0.135345008,0.028843193,0.050489925,0.076746236,0.020627173,0.016114149,0.038715449,0.050418296,0.160823417,0.081597612,0.170107178,1.1883105720022993,0.9083078655449203,1.2956649131949327,1.4157210229997288,0.9690135098464219,1.650752585366106,1.98817945160213,1.3892542100965253,1.5068417701576122,0.9137843660793751,1.1351429540610778,1.0595821034726212,0.9743046517543622,1.1042254059096321,1.4557196323644694,0.8439151548792522,1.1517196398558778
v,V,V 0.5.2 7647ce1,57.93126688317283,1.8897764177145444,15.319414333335981,1.5234401697519975,2.038345486547649,0.0,8.259975816203143,8.789656045999998,0,273240,21524.668450370566,194556.0,0.456540318,0.033269314,0.08306737,0.651779189,0.522462047,0.037442912,0.106714659,0.017546899,0.094514628,0.095350679,0.068671476,0.056664226,0.052470128,0.041582989,0.211040549,0.109790827,0.171660337,1.034553282848132,1.988573268182656,1.012097599270399,1.0899194716265563,8.112994741124181,1.2548820045180953,2.493871434212833,1.4548560068147385,2.9363600977429782,1.0003279079857628,2.8735907123125504,5.38553721384339,1.14922145309773,1.8054437292801906,1.993229337543207,1.151061396108171,2.756377655432916
javascript,JavaScript (Node.js),v26.10.0,54.27354245691064,1.7335414213708824,0.0,5.822125656586607,4.7530485240938525,0.0,0.3712515114873035,0.0,0,12281,82482.97523607564,452148.0,1.595024507,0.044881765,0.118217558,0.716575707,0.163784967,0.051731026,0.076622238,0.018082376,0.07248616,0.059782748,0.063076176,0.025931618,0.051714959,0.033556709,0.119002082,0.077923041,0.077065467,4.093041368698367,2.823171019754312,1.7480167724949394,1.3607470177105347,2.179079006620764,1.058073458867213,2.0545725399250347,1.6965466395667694,2.1716223813285107,0.8691424573714889,4.204145360006436,1.1511858916477153,0.9265260414669777,1.7044907017161117,1.900695781441187,1.1261320241730874,1.690622962212782
typescript,TypeScript,TypeScript Version 7.0.2 / Node v26.10.0,54.080854346620136,1.729485887525983,0.04267008655194849,5.719661321230099,4.843200740055504,0.20369689365752358,0.569316807738815,0.09478606799999767,18833,18833,81863.48344749269,460724.0,1.859819164,0.056647357,0.150214066,0.866282504,0.204264908,0.062926336,0.085403299,0.020503563,0.073598004,0.080964011,0.072347498,0.026139493,0.065623938,0.039682099,0.151643222,0.097016732,0.101144777,3.907474766309868,2.718649461667894,1.8082296356975145,1.344831945448205,2.8138291987756707,1.0146781179590312,1.916203893629752,1.6585264425904171,1.6154836187823238,0.8873565831379542,3.201495227416686,1.155691613053149,0.9557284281648762,1.8456777355736727,2.1285543428281444,1.1659016666417903,2.036083784051083
scala,Scala 3,Scala CLI version: 1.17.1 / Scala version (default): 3.9.0,45.24301967503316,1.4503728063021293,2.5427185147466695,6.871528923925023,11.027456586637514,0.17566193648870815,298.04543530834343,5.182192857000018,16241,9859343,98497.16470692134,1049064.0,0.447294071,0.015398797,0.105817824,0.640896396,0.049396915,0.029932933,0.073531205,0.021910686,0.060208849,0.073833477,0.232137975,0.048960918,0.083123061,0.023173487,0.135065742,0.074318979,0.086470207,1.0160164867703065,0.8814997221914054,1.3672897283328609,1.071165439733268,1.0376495584819474,0.5039333336442273,1.7968754429189946,1.8495650872471878,1.7668143950499378,0.8692952770337599,11.490738301968486,2.488264085656072,1.2788963623138752,1.161448760727187,2.0225581265696486,0.9632395918892711,1.9196815978035358
sbcl,Common Lisp (SBCL),SBCL 2.6.9,41.39353560529558,3.179982422397887,0.16787111029423016,6.292019886387909,1.9644689260785468,0.0,1128.3782345828295,0.7327648389999979,0,37326752,90649.99933470158,186876.0,0.55294035,0.131959633,0.347848608,0.841142406,0.179288278,0.053044191,0.198759627,0.054440558,0.290191996,1.314385957,0.100650277,0.027974836,0.03998896,0.102253693,0.411888231,0.076855192,0.146054583,1.3838035435268705,7.9867307688932305,5.058850997342977,1.579472054347594,1.8914201524234069,1.057645921622626,5.227685845685241,5.0432290341759565,7.679112729467453,18.636677284846453,5.572328121693775,1.2318264246656996,0.6999898630989723,4.939727023876788,6.483129789403385,1.084455483146605,3.126148159875939
chez,Chez Scheme,10.4.1,30.88647489643949,4.356885845780225,0.05618329007317049,4.958226480206126,4.914545378045188,0.3627043861925772,2.4273276904474,0.17358265399997208,33540,80296,69988.12238037102,467216.0,2.5710000000000015,0.124,0.15900000000000003,1.0709999999999997,0.3689999999999998,0.131,0.15299999999999997,0.030999999999999972,0.121,1.3760000000000003,0.09899999999999998,0.040000000000000036,0.1200000000000001,0.351,0.244,0.129,0.823,5.833198497811856,7.29498918370777,1.9381989774817976,1.8073003238788488,5.371883639643037,4.3806007736475365,3.5708397662906375,2.587466163663242,3.7313708995009214,14.434085051251705,4.088897927601972,3.6999020543428696,2.6288060758017573,18.631987459770034,2.3279912612550984,1.360521703754119,17.92961408651568
racket,Racket,Welcome to Racket v9.3 [cs].,26.426918341710508,3.9382000729860587,0.29445200463556764,10.428428233771537,4.600647984515695,0.8742862704386193,192.43860338573157,1.9454809850000032,80847,6365869,145390.3411703697,437356.0,0.825914621,0.142436743,0.166938782,1.088802814,0.349937439,0.136980057,0.131747961,0.02684021,0.140572309,1.514550924,0.156008482,0.036873579,0.098085642,0.30462575,0.229754448,0.134361267,0.478390694,1.8698669557179104,8.48575056553602,2.030351235934555,1.8120613209219523,4.916179315953471,4.583862768481964,3.0840999673981595,2.2302789912603496,4.33013304474879,15.889050214938731,6.716047104826457,3.3449373340960533,2.148149535195914,15.680479129404437,2.128816012982237,1.4181799326793085,9.269920174823554
gambit,Gambit Scheme,"v4.9.8 20260809131718 x86_64-pc-linux-gnu ""./configure '--enable-single-host' '--prefix=/home/runner/gambit'""",19.96279216563227,4.084826982834486,95.72648367962412,4.824969902916381,4.341692262380612,0.0,331.6367593712213,55.00877709100001,0,10970544,67222.48930284975,412756.0,10.768045902252197,0.08954882621765137,0.15557217597961426,1.0355591773986816,0.41362452507019043,0.1571211814880371,0.11486339569091797,0.02668476104736328,0.08382916450500488,0.6168191432952881,0.07581472396850586,0.03530478477478027,0.059149980545043945,0.6365773677825928,0.1923842430114746,0.13015198707580566,0.5481643676757812,24.433457967003275,5.343213079787321,1.8950728998366604,1.7371850883149889,6.574191247113558,5.274053760169885,2.7201691904434173,2.237220151926364,2.622354712968791,6.471860851916061,3.196210383478593,3.5423734131620845,1.2957105143217558,33.63256786930492,1.8584780294349514,1.3548965769131465,12.835697258194148
gerbil,Gerbil Scheme,Gerbil v18.2-20260930T122804+0000 on Gambit v4.9.7-6-g64f4d369,16.65021850854371,3.5031705401483757,250.26578841137078,8.050117750256124,4.631275754772517,2.139832525532283,673.3192865779928,110.60378968999999,197789,22273402,114255.27190188106,440564.0,5.546225547790527,0.04895925521850586,0.12272858619689941,1.2469923496246338,0.3960609436035156,0.14632368087768555,0.11776494979858398,0.021831274032592773,0.0757436752319336,0.5109636783599854,0.0961766242980957,0.03838300704956055,0.07691740989685059,0.31165575981140137,0.21845126152038574,0.1107168197631836,0.27710533142089844,14.177011402706563,3.040577183021736,1.6014122000400144,2.3563429905068136,4.766074157553521,2.9821942470307015,3.156511685452893,2.0176334413894383,2.159416666253761,7.428516034777309,6.190135899304599,1.691341308346122,1.3799640396540707,15.884825234544751,3.498774715515554,1.5809164278781773,6.011293756748306
